"","annee","acuponcture_frais_par_tete","acuponcture_freq","acuponcture_cout","acuponcture_sum_claim","acuponcture_nb_observation"
"1",2006,0.382314119572734,0.0094416576813089,40.4922665571301,1007,271
"2",2007,0.681836685246804,0.0131982390144339,51.6611863522954,1442,342
"3",2008,0.704705755144711,0.0128113939270775,55.0061733450628,1513,404
"4",2009,0.845183210363497,0.0156164383561644,54.1213810145046,1938,439
"5",2010,0.89380765981615,0.0150224974599642,59.497940485475,1863,203
"6",2011,0.947869270765673,0.0167834185595435,56.4765317270057,2094,416
"7",2012,1.53027423886503,0.021220036522503,72.1145902478649,2754,587
"8",2013,0.518060525790947,0.00712367445294561,72.7237788886788,878,245
