"","annee","acuponcture_frais_par_tete","acuponcture_freq","acuponcture_cout","acuponcture_sum_claim","acuponcture_nb_observation"
"1",2006,0.558985948461158,0.013804758191851,40.4922665571301,1007,271
"2",2007,0.973066431878314,0.0188355417400336,51.6611863522954,1442,342
"3",2008,1.03211861512184,0.0187636869165065,55.0061733450628,1513,404
"4",2009,1.26591803421961,0.023390349811664,54.1213810145046,1938,439
"5",2010,1.32000675366833,0.0221857553874588,59.497940485475,1863,203
"6",2011,1.42416081344138,0.0252168603469746,56.4765317270057,2094,416
"7",2012,2.21164674596743,0.030668506031384,72.1145902478649,2754,587
"8",2013,1.13249815676824,0.0155725977675308,72.7237788886788,878,245
