"","annee","autres_frais_par_tete","autres_freq","autres_cout","autres_sum_claim","autres_nb_observation"
"1",2006,7.27222269042196,0.0640912600198053,113.466683104291,4675,2640
"2",2007,7.49476957449361,0.0683161213234478,109.707188132199,5230,3115
"3",2008,8.35051611288122,0.0704670134042084,118.502483778921,5682,3437
"4",2009,8.02044314785528,0.0750126590423954,106.921195038858,6215,3486
"5",2010,9.01002768233026,0.0792885230517864,113.635963132337,6658,3521
"6",2011,9.86055390889533,0.093103065317501,105.9100887309,7731,3547
"7",2012,10.7145930557056,0.134245808760614,79.81324076055,12055,3940
"8",2013,5.90205129917323,0.0861636445952901,68.4981621529024,4858,1614
