"","annee","auxi_medical_frais_par_tete","auxi_medical_freq","auxi_medical_cout","auxi_medical_sum_claim","auxi_medical_nb_observation"
"1",2006,5.92500997838142,0.201837379518214,29.355365158448,14723,3217
"2",2007,6.53364134728117,0.227409902709503,28.7306808957539,17409,3969
"3",2008,6.84630990154965,0.27421310872075,24.9671138389,22110,4461
"4",2009,8.43805660927483,0.282179104962299,29.9031943219262,23378,4781
"5",2010,10.558740321267,0.284521342461206,37.1105388085489,23892,4888
"6",2011,10.5591919947425,0.296562551936081,35.6052776245949,24625,5068
"7",2012,12.403349274862,0.319884766208928,38.7744293729852,28725,5438
"8",2013,7.43926898508552,0.196732636033544,37.8141071815714,11092,2579
