"","annee","auxi_frais_par_tete","auxi_freq","auxi_cout","auxi_sum_claim","auxi_nb_observation"
"1",2006,4.0523472277442,0.138044517786487,29.355365158448,14723,3217
"2",2007,4.57811157326737,0.159345738789782,28.7306808957539,17409,3969
"3",2008,4.67447593826967,0.187225322415384,24.9671138389,22110,4461
"4",2009,5.63349163013216,0.188390964840885,29.9031943219262,23378,4781
"5",2010,7.14961329226654,0.192657221420335,37.1105388085489,23892,4888
"6",2011,7.02773293928863,0.197378967617826,35.6052776245949,24625,5068
"7",2012,8.5820490032439,0.221332696367755,38.7744293729852,28725,5438
"8",2013,3.40308863098871,0.089995213020584,37.8141071815714,11092,2579
