"","annee","bilan_frais_par_tete","bilan_freq","bilan_cout","bilan_sum_claim","bilan_nb_observation"
"1",2006,13.6112589590974,0.0453081939351828,300.414953166517,3305,3251
"2",2007,13.5176504227464,0.0404679577103633,334.03342267714,3098,3049
"3",2008,17.0545970222523,0.0476967216661493,357.563296312587,3846,3776
"4",2009,17.3543747123578,0.0489905441720585,354.239272203385,4059,3945
"5",2010,21.0011076327901,0.052517005506545,399.891567126249,4410,4284
"6",2011,22.7871309733667,0.0559508250122845,407.270687579023,4646,4506
"7",2012,24.0002446763705,0.0560265887947066,428.372406614162,5031,4735
"8",2013,17.9487395830784,0.0383816646571033,467.638382634783,2164,2087
