"","annee","cesarienne_frais_par_tete","cesarienne_freq","cesarienne_cout","cesarienne_sum_claim","cesarienne_nb_observation"
"1",2006,0.00673048614692232,9.37602550278937e-06,717.84,1,394
"2",2007,0.382703260440246,0.000393567460208499,972.395584323721,43,491
"3",2008,0.93841380209233,0.00060966316110349,1539.23323888194,72,391
"4",2009,13.7759677999678,0.0127961321514907,1076.57279847355,1588,425
"5",2010,17.5233682045351,0.0157966036092699,1109.31239638449,1959,1
"6",2011,17.9261829028768,0.0156693329913598,1144.02973711526,1955,9
"7",2012,21.6905029381219,0.0844332462649191,256.895285893254,10958,30
"8",2013,7.92452731368524,0.071983188777373,110.088583852459,8872,182
