"","annee","cesarienne_frais_par_tete","cesarienne_freq","cesarienne_cout","cesarienne_sum_claim","cesarienne_nb_observation"
"1",2006,0.00984072256250085,1.37087966155422e-05,717.84,1,394
"2",2007,0.546165532249108,0.000561670107365773,972.395584323721,43,491
"3",2008,1.37440959826966,0.000892918346324168,1539.23323888194,72,391
"4",2009,20.6336873034991,0.0191660864297845,1076.57279847355,1588,425
"5",2010,25.8791297243538,0.0233289827182135,1109.31239638449,1959,1
"6",2011,26.933848382106,0.0235429617852604,1144.02973711526,1955,9
"7",2012,31.3484531224116,0.122028136925166,256.895285893254,10958,30
"8",2013,17.3232897108042,0.157357730516553,110.088583852459,8872,182
