"","annee","chambre_frais_par_tete","chambre_freq","chambre_cout","chambre_sum_claim","chambre_nb_observation"
"1",2006,2.82888892527275,0.0370690942210996,76.3139479049519,2704,577
"2",2007,5.04433705009579,0.0689687652229081,73.139442670786,5280,1107
"3",2008,4.63997119904468,0.0556592671872733,83.3638571530749,4488,1105
"4",2009,4.64949377772293,0.0509579157646007,91.2418356983278,4222,960
"5",2010,4.56524883247349,0.0483132633424156,94.4926613654252,4057,818
"6",2011,3.40952418453819,0.0390777038328235,87.2498598977134,3245,831
"7",2012,6.45446907221285,0.0385315111547745,167.511443978575,3460,874
"8",2013,4.47294088224898,0.0265162568331569,168.686738493793,1495,363
