"","annee","chambre_frais_par_tete","chambre_freq","chambre_cout","chambre_sum_claim","chambre_nb_observation"
"1",2006,1.93478833550537,0.0253530106700171,76.3139479049519,2704,577
"2",2007,3.53459999727017,0.0483268653437798,73.139442670786,5280,1107
"3",2008,3.16804822224951,0.0380026588312997,83.3638571530749,4488,1105
"4",2009,3.10418403453996,0.0340214991377782,91.2418356983278,4222,960
"5",2010,3.09123749866571,0.0327140484138888,94.4926613654252,4057,818
"6",2011,2.26925440719491,0.026008688264431,87.2498598977134,3245,831
"7",2012,4.46593925231831,0.0266605023886577,167.511443978575,3460,874
"8",2013,2.04613934319043,0.0121298174442191,168.686738493793,1495,363
