"","annee","chimio_frais_par_tete","chimio_freq","chimio_cout","chimio_sum_claim","chimio_nb_observation"
"1",2006,5.52238630630669,0.00389105058365759,1419.25328072082,415,58
"2",2007,9.560229589085,0.0100771575276641,948.703001103233,1101,91
"3",2008,9.05641855563859,0.00934824762695073,968.782483845335,1104,73
"4",2009,11.3253686845173,0.0128606999250598,880.618376177889,1596,76
"5",2010,15.0640636532276,0.0116438466624736,1293.7360040799,1444,89
"6",2011,12.8114689864764,0.012623631438052,1014.87983464554,1575,96
"7",2012,12.7647917245549,0.0348658915266252,366.111152350919,4525,99
"8",2013,3.68187264730266,0.00382958353279081,961.428995026907,472,42
