"","annee","chiropractie_frais_par_tete","chiropractie_freq","chiropractie_cout","chiropractie_sum_claim","chiropractie_nb_observation"
"1",2006,1.77140362998563,0.0398651805579969,44.4348578180536,2908,593
"2",2007,1.80149012981265,0.0425568630864081,42.3313655932505,3258,634
"3",2008,1.62880198312641,0.0392139973760697,41.5362394072169,3162,640
"4",2009,1.84287770342153,0.0402149873954925,45.8256441882683,3332,719
"5",2010,2.21707091174583,0.0463840672217671,47.7981135450193,3895,777
"6",2011,2.33397620853152,0.0444486301531438,52.5095194270333,3691,798
"7",2012,3.06061409020156,0.0476286130342155,64.2599877515408,4277,947
"8",2013,1.64978545678269,0.0271012863198031,60.8748026685798,1528,407
