"","annee","cures_frais_par_tete","cures_freq","cures_cout","cures_sum_claim","cures_nb_observation"
"1",2006,0.172640896264873,0.00109699498382636,157.376194795983,117,29
"2",2007,0.230736727382685,0.00108917506429794,211.845400198739,119,37
"3",2008,0.147171825961151,0.000753611407475147,195.288744970337,89,22
"4",2009,0.130705803445931,0.000580177276390008,225.285975106111,72,27
"5",2010,0.141996387504637,0.000790233360749593,179.689183673469,98,30
"6",2011,0.102421073070227,0.000545020277960341,187.921582392353,68,22
"7",2012,0.0801664632351694,0.000477720502685251,167.810388678226,62,19
"8",2013,0.0101337108826703,6.49081954710307e-05,156.12375,8,4
