"","annee","dentaire_frais_par_tete","dentaire_freq","dentaire_cout","dentaire_sum_claim","dentaire_nb_observation"
"1",2006,69.9442529657222,0.819611342823559,85.3383174575946,59785,22708
"2",2007,78.2502934106401,0.940792079604776,83.1749066632372,72022,25611
"3",2008,80.842438887089,0.913651530558874,88.4827925999733,73668,26938
"4",2009,82.6500010153421,0.919869572876868,89.8496954919993,76206,27974
"5",2010,86.7626120061378,0.8786814068135,98.7418321741649,73781,27402
"6",2011,90.0607799469383,0.95018774552137,94.7820895096072,78894,27518
"7",2012,96.2902726761107,0.929605246522263,103.581894612085,83471,28523
"8",2013,58.7340209599183,0.570297618015018,102.988368010984,32154,13193
