"","annee","dentaire_frais_par_tete","dentaire_freq","dentaire_cout","dentaire_sum_claim","dentaire_nb_observation"
"1",2006,47.8373711623063,0.560561452199677,85.3383174575946,59785,22708
"2",2007,54.8302407939267,0.65921613853955,83.1749066632372,72022,25611
"3",2008,55.1967548055755,0.623813435173973,88.4827925999733,73668,26938
"4",2009,55.179275148792,0.614128682870221,89.8496954919993,76206,27974
"5",2010,58.7488699802597,0.594974477247252,98.7418321741649,73781,27402
"6",2011,59.939386555817,0.632391487315138,94.7820895096072,78894,27518
"7",2012,66.6236511282248,0.643197842419572,103.581894612085,83471,28523
"8",2013,26.867838678998,0.26088226464694,102.988368010984,32154,13193
