"","annee","divers_frais_par_tete","divers_freq","divers_cout","divers_sum_claim","divers_nb_observation"
"1",2006,6.95936992344498,0.00977577633924383,711.899462706334,1042,445
"2",2007,8.53432908249148,0.00761100527549824,1121.31430390223,831,412
"3",2008,7.04302486617123,0.00692844558883318,1016.53751564748,818,408
"4",2009,17.6633547359328,3.51541878632988,5.02453784585178,436042,1069
"5",2010,22.8219576157483,2.55754789272031,8.92337448722183,317072,1683
"6",2011,8.0928579191117,0.0292570255357372,276.612463875603,3648,1499
"7",2012,11.0546795226608,0.0349199253972903,316.572254862796,4531,759
"8",2013,1.4541100729359,0.00589812332439678,246.537753275041,726,331
