"","annee","divers_frais_par_tete","divers_freq","divers_cout","divers_sum_claim","divers_nb_observation"
"1",2006,10.1777952841948,0.0142966750466466,711.899462706334,1042,445
"2",2007,12.1827530579294,0.0108647085081612,1121.31430390223,831,412
"3",2008,10.3163353107553,0.0101485042627121,1016.53751564748,818,408
"4",2009,26.4620917758594,5.26657228738089,5.02453784585178,436042,1069
"5",2010,33.7077283990308,3.77746428184762,8.92337448722183,317072,1683
"6",2011,12.1623441220331,0.0439688940679935,276.612463875603,3648,1499
"7",2012,15.9779999601513,0.050471889796774,316.572254862796,4531,759
"8",2013,3.17960881735479,0.0128970462945996,246.537753275041,726,331
