"","annee","generaliste_frais_par_tete","generaliste_freq","generaliste_cout","generaliste_sum_claim","generaliste_nb_observation"
"1",2006,20.654889648908,0.609338959212377,33.8972083380427,64986,25489
"2",2007,24.5419643005341,0.679200724949428,36.1335955616971,74202,28073
"3",2008,20.7926678546383,0.584439118984512,35.5771322952619,69017,26956
"4",2009,19.904299971632,0.553702957530824,35.9476136092769,68709,26512
"5",2010,24.4328241142279,0.608223729305604,40.170784099664,75424,27770
"6",2011,55.9288372650997,1.12477954144621,49.7242661376896,140305,42786
"7",2012,90.0674777778795,1.56972443129277,57.3778912924883,203700,51799
"8",2013,35.953485385763,0.605301591938075,59.3976389036843,74601,29022
