"","annee","generaliste_frais_par_tete","generaliste_freq","generaliste_cout","generaliste_sum_claim","generaliste_nb_observation"
"1",2006,30.1995072487014,0.890914288502296,33.8972083380427,64986,25489
"2",2007,35.0253648478433,0.969329630870486,36.1335955616971,74202,28073
"3",2008,30.4532823647888,0.855979119172696,35.5771322952619,69017,26956
"4",2009,29.8136648731997,0.829364229772007,35.9476136092769,68709,26512
"5",2010,36.0839519058891,0.898263569273741,40.170784099664,75424,27770
"6",2011,84.0363952385547,1.69004797387764,49.7242661376896,140305,42786
"7",2012,130.176920275344,2.26876445514104,57.3778912924883,203700,51799
"8",2013,78.5964138003156,1.32322454648009,59.3976389036843,74601,29022
