"","annee","hospi_frais_par_tete","hospi_freq","hospi_cout","hospi_sum_claim","hospi_nb_observation"
"1",2006,38.0667698098159,0.0959819963430072,396.603230399357,10236,5030
"2",2007,47.036900499818,0.120657934481149,389.836778675893,13182,5934
"3",2008,43.9236258589811,0.108275184608089,405.666598657544,12786,6285
"4",2009,48.1531417515629,0.109315688945125,440.496164971666,13564,6768
"5",2010,58.7292563923218,0.114727578620422,511.901820804817,14184,7116
"6",2011,63.1258666572295,0.146743153219837,430.179298128207,18239,7383
"7",2012,77.0446585223743,0.873526068769282,88.1996099222581,112974,7871
"8",2013,31.6654962859324,0.469602392795605,67.4304406700817,57778,3864
