"","annee","hospi_jour_frais_par_tete","hospi_jour_freq","hospi_jour_cout","hospi_jour_sum_claim","hospi_jour_nb_observation"
"1",2006,55.6590082293448,0.14033927099711,396.603230399357,10236,5030
"2",2007,67.1291287205259,0.172198038749793,389.836778675893,13182,5934
"3",2008,64.3323949684918,0.158584402022213,405.666598657544,12786,6285
"4",2009,72.1282781762667,0.163743260241338,440.496164971666,13564,6768
"5",2010,86.8260310255702,0.169614616508028,511.901820804817,14184,7116
"6",2011,94.9759874038969,0.220782329175662,430.179298128207,18239,7383
"7",2012,111.473294108773,1.26387513739606,88.1996099222581,112974,7871
"8",2013,69.2491858268646,1.02697216774367,67.4304406700817,57778,3864
