"","annee","hospi_frais_par_tete","hospi_freq","hospi_cout","hospi_sum_claim","hospi_nb_observation"
"1",2006,184.561225183154,0.310146121822494,595.078294381458,22619,3438
"2",2007,208.199145272564,0.452714227422108,459.890881844189,34655,4390
"3",2008,218.634016809778,0.395529129278104,552.763376009285,31892,4651
"4",2009,197.216416434949,1.78170489102334,110.689720519135,147605,4573
"5",2010,237.739041587348,8.51854639148583,27.9084048688125,715285,4468
"6",2011,246.376888399378,50.228880799599,4.90508417622048,4170537,4179
"7",2012,266.011008423633,13.8920308772716,19.1484607811265,1247385,4301
"8",2013,157.540800278562,0.279402201175299,563.849531663922,15753,1796
