"","annee","implants_frais_par_tete","implants_freq","implants_cout","implants_sum_claim","implants_nb_observation"
"1",2006,4.65874657918108,0.00444165010343569,1048.87743759407,324,383
"2",2007,5.73762833036584,0.00628286794518458,913.218036798524,481,514
"3",2008,6.24837475501642,0.00620082184947339,1007.6688069255,500,373
"4",2009,6.84218993273032,0.00760376585969642,899.84227013054,630,237
"5",2010,8.80288751401383,0.00918154450012385,958.758900955616,771,170
"6",2011,8.64537854863523,0.00844174742274555,1024.12191643415,701,234
"7",2012,11.1882028698017,0.0120491370827732,928.548060574196,1082,244
"8",2013,5.89737431165501,0.00720107041756636,818.958011751823,406,284
