"","annee","implants_frais_par_tete","implants_freq","implants_cout","implants_sum_claim","implants_nb_observation"
"1",2006,3.1863137197551,0.00303783226290375,1048.87743759407,324,383
"2",2007,4.02040945385733,0.00440246391535554,913.218036798524,481,514
"3",2008,4.26623993177488,0.00423377195210757,1007.6688069255,500,373
"4",2009,4.56813213790796,0.00507659207568151,899.84227013054,630,237
"5",2010,5.96064244872982,0.00621704001161159,958.758900955616,771,170
"6",2011,5.75404728387814,0.00561851786544411,1024.12191643415,701,234
"7",2012,7.74129894933297,0.00833699328879745,928.548060574196,1082,244
"8",2013,2.69774403871189,0.00329411764705882,818.958011751823,406,284
