"","annee","keratomie_frais_par_tete","keratomie_freq","keratomie_cout","keratomie_sum_claim","keratomie_nb_observation"
"1",2006,1.79379533520594,0.00212835778913319,842.807231173524,227,120
"2",2007,1.92294924221981,0.00240716841941477,798.842834057833,263,137
"3",2008,2.67152160901912,0.00320073159579332,834.659679846402,378,196
"4",2009,2.09884109620803,0.00257858645113982,813.95025374475,320,165
"5",2010,2.48948635469902,0.00299162184609678,832.152752844447,371,202
"6",2011,2.80040093468453,0.00313386659827196,893.592897741304,391,225
"7",2012,3.24137240078654,0.00328240216361157,987.500080495962,426,190
"8",2013,1.06289130518665,0.00109532579857364,970.388268559704,135,67
