"","annee","keratomie_frais_par_tete","keratomie_freq","keratomie_cout","keratomie_sum_claim","keratomie_nb_observation"
"1",2006,2.62272915244641,0.00311189683172809,842.807231173524,227,120
"2",2007,2.74428964926204,0.00343533112179531,798.842834057833,263,137
"3",2008,3.91273544062752,0.00468782131820188,834.659679846402,378,196
"4",2009,3.14366331475076,0.00386223027794104,813.95025374475,320,165
"5",2010,3.67657560401575,0.00441814990270543,832.152752844447,371,202
"6",2011,4.20756468862073,0.00470859235705208,893.592897741304,391,225
"7",2012,4.68463138214045,0.00474393012685896,987.500080495962,426,190
"8",2013,2.32351701016227,0.00239441993008731,970.388268559704,135,67
