"","annee","lentilles_frais_par_tete","lentilles_freq","lentilles_cout","lentilles_sum_claim","lentilles_nb_observation"
"1",2006,5.06149926659338,0.0391827779548821,129.176631437964,4179,5489
"2",2007,6.57564639247453,0.0546071961410671,120.417213428934,5966,8570
"3",2008,7.50361239335611,0.0585630212964139,128.128846962607,6916,3445
"4",2009,7.72290983665813,0.0591965832628228,130.462087691273,7346,3296
"5",2010,7.02713900533727,0.0491166106232512,143.070519650448,6091,2632
"6",2011,8.56526172013473,0.0812901260790459,105.366569511849,10142,3784
"7",2012,12.6472691591705,0.140615970226308,89.941911568195,18249,3903
"8",2013,5.00055756676501,0.0551728614430949,90.6343705215029,6800,3510
