"","annee","lit_frais_par_tete","lit_freq","lit_cout","lit_sum_claim","lit_nb_observation"
"1",2006,0.0520846535092266,0.00189181393294483,27.5315942028986,138,35
"2",2007,0.0441024418750796,0.00112334021473155,39.2600935110465,86,32
"3",2008,0.043663632132343,0.00171142683045466,25.5129996534783,138,29
"4",2009,0.050225493062875,0.000989684563754617,50.7489910445122,82,39
"5",2010,0.109182538799468,0.00383457500523979,28.4731785531056,322,38
"6",2011,0.0162225058128722,0.000565994477701913,28.6619506938298,47,23
"7",2012,0.0411092899133231,0.00189311765625827,21.7151267790588,170,27
"8",2013,0.0157176818788502,0.000390201766384599,40.2809090909091,22,7
