"","annee","maternite_frais_par_tete","maternite_freq","maternite_cout","maternite_sum_claim","maternite_nb_observation"
"1",2006,38.7437549281558,0.118369604965822,327.311685625229,12624,1406
"2",2007,41.6560469682862,0.14036099364783,296.777942971838,15335,1639
"3",2008,41.3575045717957,0.148716732855195,278.095838832509,17563,1801
"4",2009,35.1035701931389,0.142850235706515,245.736872743136,17727,1854
"5",2010,40.8654988965302,0.157545016893935,259.389345992723,19537,1886
"6",2011,36.3348431155459,0.1600875259492,226.968609203667,19973,1984
"7",2012,49.373021347855,0.19096491836373,258.544981826528,24784,2431
"8",2013,18.8060867754571,0.0842021565747945,223.344478816907,10378,1119
