"","annee","maternite_frais_par_tete","maternite_freq","maternite_cout","maternite_sum_claim","maternite_nb_observation"
"1",2006,56.6478659437849,0.173070099332312,327.311685625229,12624,1406
"2",2007,59.4488412621894,0.200314216976127,296.777942971838,15335,1639
"3",2008,60.5728248483642,0.217812769520963,278.095838832509,17563,1801
"4",2009,52.5789762189287,0.213964537075755,245.736872743136,17727,1854
"5",2010,60.3516830306293,0.232668318737819,259.389345992723,19537,1886
"6",2011,54.5931657779454,0.240531789702059,226.968609203667,19973,1984
"7",2012,71.3569367040722,0.275994282310029,258.544981826528,24784,2431
"8",2013,41.1107535682484,0.184068815069971,223.344478816907,10378,1119
