"","annee","med_prevent_frais_par_tete","med_prevent_freq","med_prevent_cout","med_prevent_sum_claim","med_prevent_nb_observation"
"1",2006,6.25272553458934,0.0104323942244276,599.356715254152,761,370
"2",2007,0.858399032755244,0.0099141304997819,86.5833905226614,759,486
"3",2008,1.03402203124429,0.0121040042501721,85.4280955188525,976,588
"4",2009,1.35563417550534,0.0166437232048655,81.4501754696954,1379,824
"5",2010,1.91131209920581,0.0214950555417945,88.9186862294682,1805,987
"6",2011,1.19392557927554,0.0145594800878072,82.0033113871547,1209,658
"7",2012,0.826764034340785,0.0144546710718603,57.1970147387365,1298,634
"8",2013,0.608119444260276,0.00711231401455565,85.50233342,401,298
