"","annee","monture_frais_par_tete","monture_freq","monture_cout","monture_sum_claim","monture_nb_observation"
"1",2006,7.20875756586991,0.0468430626136854,153.891679229442,4996,6144
"2",2007,7.53139937912526,0.0476591460345064,158.026318257409,5207,9059
"3",2008,7.30688581758121,0.0451427700436947,161.861706991146,5331,3401
"4",2009,6.64236048464387,0.0413386302650346,160.681678179893,5130,4744
"5",2010,6.63086395322068,0.0402061107482401,164.921794966476,4986,4872
"6",2011,8.5223852732301,0.0522666794908788,163.055800679233,6521,4967
"7",2012,12.2370536508745,0.0748437704678025,163.501298429892,9713,4774
"8",2013,4.86624949260288,0.0289984421653901,167.810721170767,3574,4657
