"","annee","monture_frais_par_tete","monture_freq","monture_cout","monture_sum_claim","monture_nb_observation"
"1",2006,10.5400544694409,0.0684900868079193,153.891679229442,4996,6144
"2",2007,10.7483351672294,0.0680161082391445,158.026318257409,5207,9059
"3",2008,10.7019417984823,0.0661178112934868,161.861706991146,5331,3401
"4",2009,9.9490678675034,0.061917873775035,160.681678179893,5130,4744
"5",2010,9.79280729146491,0.0593784908383728,164.921794966476,4986,4872
"6",2011,12.8047438039292,0.0785298269094944,163.055800679233,6521,4967
"7",2012,17.6857979811876,0.108169159211731,163.501298429892,9713,4774
"8",2013,10.6377647872348,0.0633914490863173,167.810721170767,3574,4657
