"","annee","optique_frais_par_tete","optique_freq","optique_cout","optique_sum_claim","optique_nb_observation"
"1",2006,14.835009800351,0.0684562877395642,216.707774993431,7301,5734
"2",2007,17.0140581761878,0.0766365233945962,222.009786229258,8373,6550
"3",2008,18.2997508404409,0.0799701932358968,228.832144827513,9444,7274
"4",2009,19.2394803752156,0.0863363847343992,222.843247773265,10714,8120
"5",2010,22.358424453592,0.0926039415540432,241.441390921182,11484,8747
"6",2011,17.0456747286805,0.0684594421288875,248.989389901672,8541,6413
"7",2012,11.7596094422065,0.0438655293836635,268.083153387999,5693,3670
"8",2013,4.26978796556085,0.0158457132193654,269.460131358597,1953,1332
