"","annee","orthodontie_frais_par_tete","orthodontie_freq","orthodontie_cout","orthodontie_sum_claim","orthodontie_nb_observation"
"1",2006,19.2233525115845,0.0742889872722407,258.764498177075,5419,1929
"2",2007,20.6687164578923,0.0844856338242284,244.64178727585,6468,2167
"3",2008,20.3177541345103,0.0830455258122353,244.658022642285,6696,2329
"4",2009,21.0687076982957,0.083351757185815,252.76860872084,6906,2340
"5",2010,24.2831156870388,0.0875214795728508,277.453212691932,7349,2494
"6",2011,25.3877438524268,0.0881917467495462,287.869838030591,7323,2481
"7",2012,24.6153175009481,0.0801129551397038,307.257639641717,7194,2470
"8",2013,13.2941386705337,0.046114754209089,288.283845344958,2600,1229
