"","annee","orthodontie_frais_par_tete","orthodontie_freq","orthodontie_cout","orthodontie_sum_claim","orthodontie_nb_observation"
"1",2006,13.1476064247152,0.0508091585875823,258.764498177075,5419,1929
"2",2007,14.4827615631053,0.0591998682006645,244.64178727585,6468,2167
"3",2008,13.8722553187524,0.0567005944417159,244.658022642285,6696,2329
"4",2009,14.0663503479167,0.0556491188486611,252.76860872084,6906,2340
"5",2010,16.44251709626,0.0592623056576995,277.453212691932,7349,2494
"6",2011,16.8968734131501,0.0586962271863804,287.869838030591,7323,2481
"7",2012,17.0317259680272,0.0554314157587339,307.257639641717,7194,2470
"8",2013,6.08139486005704,0.021095163528085,288.283845344958,2600,1229
