"","annee","osteopathie_frais_par_tete","osteopathie_freq","osteopathie_cout","osteopathie_sum_claim","osteopathie_nb_observation"
"1",2006,1.45603769057039,0.0251008066030578,58.0076056357892,1831,1413
"2",2007,1.82261021037738,0.0313359671528021,58.1635218562067,2399,1622
"3",2008,2.22756885573206,0.0392263990197687,56.7874928975624,3163,2002
"4",2009,2.59576632716482,0.0463467633352925,56.0074995612083,3840,2264
"5",2010,3.2800398710074,0.0547677343139683,59.890004801072,4599,718
"6",2011,3.9867156902227,0.0625009939253264,63.7864366602852,5190,967
"7",2012,4.41561550203494,0.0658359504929347,67.069974215817,5912,2580
"8",2013,2.58718280949014,0.0379027806710858,68.2583906426626,2137,1124
