"","annee","osteopathie_frais_par_tete","osteopathie_freq","osteopathie_cout","osteopathie_sum_claim","osteopathie_nb_observation"
"1",2006,0.995845726118138,0.0171675026956073,58.0076056357892,1831,1413
"2",2007,1.27711990017152,0.0219574031869812,58.1635218562067,2399,1622
"3",2008,1.52093041402047,0.0267828413690325,56.7874928975624,3163,2002
"4",2009,1.73304215436901,0.0309430374136778,56.0074995612083,3840,2264
"5",2010,2.22099224345743,0.0370845227151773,59.890004801072,4599,718
"6",2011,2.65340124447465,0.0415982046246944,63.7864366602852,5190,967
"7",2012,3.05523595204233,0.0455529614818582,67.069974215817,5912,2580
"8",2013,1.1835050490736,0.0173386017151991,68.2583906426626,2137,1124
