"","annee","paradontologie_frais_par_tete","paradontologie_freq","paradontologie_cout","paradontologie_sum_claim","paradontologie_nb_observation"
"1",2006,0.0579413255993185,0.000260467135695303,222.451578947368,19,13
"2",2007,0.0378531690916179,0.000195931432802014,193.196,15,12
"3",2008,0.061205832147412,0.000310041092473669,197.412,25,9
"4",2009,0.0991869111389246,0.000313802422653903,316.080769230769,26,19
"5",2010,0.224477461317355,0.000797877407922566,281.343297965821,67,56
"6",2011,0.674603512763606,0.00220376573232872,306.113986104481,183,143
"7",2012,0.736220900032909,0.00226060520129664,325.674248475862,203,141
"8",2013,0.407862245988259,0.00212837327118872,191.630975407083,120,81
