"","annee","paradontologie_frais_par_tete","paradontologie_freq","paradontologie_cout","paradontologie_sum_claim","paradontologie_nb_observation"
"1",2006,0.0396285218695795,0.000178144484552998,222.451578947368,19,13
"2",2007,0.0265240671078283,0.000137290974491337,193.196,15,12
"3",2008,0.041789869430473,0.000211688597605379,197.412,25,9
"4",2009,0.0662215954875101,0.000209508460918614,316.080769230769,26,19
"5",2010,0.151998975629445,0.00054026158336962,281.343297965821,67,56
"6",2011,0.448991387534424,0.00146674574804033,306.113986104481,183,143
"7",2012,0.509403176383656,0.00156414938782429,325.674248475862,203,141
"8",2013,0.186576312150408,0.00097362293206546,191.630975407083,120,81
