"","annee","petit_frais_par_tete","petit_freq","petit_cout","petit_sum_claim","petit_nb_observation"
"1",2006,69.6065920588917,2.79805898073046,24.8767422481996,298399,27057
"2",2007,83.8231821577489,1.23032139359044,68.1311262198964,134404,30893
"3",2008,85.5356475627763,2.104945799458,40.6355582100029,248552,32946
"4",2009,88.8130343228418,1.15170296104064,77.1145315477818,142901,34035
"5",2010,93.147280297456,1.15164026966872,80.8822709232378,142808,33768
"6",2011,96.2314163205425,1.13102624533051,85.0832743429587,141091,33167
"7",2012,111.937130645185,1.34443005979903,83.259913618651,174464,35049
"8",2013,44.086190670693,0.482202406549449,91.4267329899192,59430,17732
