"","annee","pharmacie_frais_par_tete","pharmacie_freq","pharmacie_cout","pharmacie_sum_claim","pharmacie_nb_observation"
"1",2006,96.1361272298315,2.49789031691239,38.4869289811988,182200,38273
"2",2007,107.959064741243,8.49270368504906,12.7119782751044,650067,42238
"3",2008,108.339861921097,3.21799178008714,33.6669169236236,259447,44254
"4",2009,111.438162024757,3.13022111632492,35.6007316683085,259291,46320
"5",2010,110.699713763766,4.40664545184908,25.1210847283651,364957,44293
"6",2011,107.593445932061,3.37514798442805,31.8781417669582,275978,42978
"7",2012,124.48349116397,8.69408415042916,14.3181833773515,770285,44603
"8",2013,76.8403320414427,1.46912567291883,52.3034437814826,82198,25059
