"","annee","pharmacie_frais_par_tete","pharmacie_freq","pharmacie_cout","pharmacie_sum_claim","pharmacie_nb_observation"
"1",2006,65.7507591221231,1.70839193624004,38.4869289811988,182200,38273
"2",2007,75.6452425016232,5.95070577250508,12.7119782751044,650067,42238
"3",2008,73.9696542780972,2.19710211202005,33.6669169236236,259447,44254
"4",2009,74.397541144197,2.08977562139334,35.6007316683085,259291,46320
"5",2010,74.7124626703985,2.97409381315601,25.1210847283651,364957,44293
"6",2011,71.3222090502841,2.23733897576834,31.8781417669582,275978,42978
"7",2012,85.8922626888401,5.99882404249023,14.3181833773515,770285,44603
"8",2013,35.1018417193993,0.671119130626475,52.3034437814826,82198,25059
