"","annee","prothese_frais_par_tete","prothese_freq","prothese_cout","prothese_sum_claim","prothese_nb_observation"
"1",2006,58.8448719687036,0.123437389082466,476.718378492198,9004,3636
"2",2007,63.4810006229531,0.137597911526158,461.351483600717,10534,4155
"3",2008,57.6630299274984,0.121364619548492,475.122240254365,9786,4072
"4",2009,63.069323902477,0.126103094550735,500.140968999793,10448,4278
"5",2010,63.4419961727964,0.115592713778523,548.840788480424,9706,4094
"6",2011,60.7448426522971,0.115406830610721,526.353963026641,9583,3949
"7",2012,55.8332545341977,0.100886768181651,553.424948985061,9059,4020
"8",2013,35.7767315356314,0.0619540368683726,577.472160718801,3493,1675
