"","annee","prothese_frais_par_tete","prothese_freq","prothese_cout","prothese_sum_claim","prothese_nb_observation"
"1",2006,40.2461466620137,0.084423316737457,476.718378492198,9004,3636
"2",2007,44.4815527591158,0.096415757487003,461.351483600717,10534,4155
"3",2008,39.3709036980865,0.0828647879691099,475.122240254365,9786,4072
"4",2009,42.1076314212142,0.0841915260519912,500.140968999793,10448,4278
"5",2010,42.9572986661425,0.0782691439261983,548.840788480424,9706,4094
"6",2011,40.4290537073034,0.0768096310604907,526.353963026641,9583,3949
"7",2012,38.6320679087318,0.0698054324792911,553.424948985061,9059,4020
"8",2013,16.3660061451584,0.028340770791075,577.472160718801,3493,1675
