"","annee","psychiatrie_frais_par_tete","psychiatrie_freq","psychiatrie_cout","psychiatrie_sum_claim","psychiatrie_nb_observation"
"1",2006,10.2536932521813,0.112632627863914,91.0366156472006,8216,1268
"2",2007,12.2345686621436,0.128036332711164,95.5554443264436,9802,1598
"3",2008,11.4159162894814,0.128099360061286,89.1176683788256,10329,1726
"4",2009,14.1192493209309,0.142807546471528,98.8690700861942,11832,2028
"5",2010,16.6272869647244,0.319797836892862,51.993118922486,26854,2283
"6",2011,15.8380741231009,0.163176968726045,97.0607203133624,13550,2287
"7",2012,21.4617501598209,0.181797934240931,118.052772433477,16325,2443
"8",2013,10.7273656862738,0.101648607298209,105.533818626779,5731,1262
