"","annee","specialiste_frais_par_tete","specialiste_freq","specialiste_cout","specialiste_sum_claim","specialiste_nb_observation"
"1",2006,56.2369498135225,1.06659477706409,52.7256939775388,113747,35795
"2",2007,60.5439213038396,1.20285609666789,50.3334700398131,131400,39719
"3",2008,61.7304717760695,1.21268884221936,50.9038012282653,143204,42558
"4",2009,64.030515277199,1.22306130014991,52.3526623476281,151755,44155
"5",2010,64.7817844249929,1.11249909274925,58.2308649483045,137951,42102
"6",2011,32.694173963455,0.529603681020938,61.7332830852482,66067,27403
"7",2012,7.39306679727493,0.109862844814301,67.2936042187081,14258,9002
"8",2013,3.43378796036714,0.0366163357700952,93.7774872375825,4513,3396
