"","annee","specialiste_frais_par_tete","specialiste_freq","specialiste_cout","specialiste_sum_claim","specialiste_nb_observation"
"1",2006,82.2252541103772,1.55949116848809,52.7256939775388,113747,35795
"2",2007,86.4058477656465,1.71666780965629,50.3334700398131,131400,39719
"3",2008,90.4130494613859,1.77615516483634,50.9038012282653,143204,42558
"4",2009,95.9107690239969,1.83201321046746,52.3526623476281,151755,44155
"5",2010,95.6751048583733,1.64303080408149,58.2308649483045,137951,42102
"6",2011,49.1242552553344,0.795749922898125,61.7332830852482,66067,27403
"7",2012,10.6850262558153,0.15878219601804,67.2936042187081,14258,9002
"8",2013,7.50637877671074,0.0800445714406225,93.7774872375825,4513,3396
