"","annee","transport_frais_par_tete","transport_freq","transport_cout","transport_sum_claim","transport_nb_observation"
"1",2006,1.36563853083465,0.0113543668838779,120.274300170248,1211,355
"2",2007,1.4257844864661,0.0230284835615435,61.9139546316932,2516,404
"3",2008,1.79751925171757,0.0128284376402449,140.119888495109,1515,400
"4",2009,1.68132936261148,0.0115553836484069,145.501820949345,1434,454
"5",2010,1.64342504246013,0.0100633799409744,163.30746251254,1248,467
"6",2011,1.66020661900694,0.00965807992562076,171.898206661427,1205,489
"7",2012,1.7974731195578,0.0126981191681499,141.554280264302,1648,459
"8",2013,0.633553968772161,0.00403248707900267,157.112460960161,497,177
