"","annee","vaccins_frais_par_tete","vaccins_freq","vaccins_cout","vaccins_sum_claim","vaccins_nb_observation"
"1",2006,10.9230331647774,0.188225432429851,58.031653978791,13730,7988
"2",2007,12.0045307452776,0.213254557013106,56.2920244866789,16326,9193
"3",2008,13.5883946611058,0.223246141153391,60.8673215622093,18001,9768
"4",2009,13.561935976446,0.235410754951571,57.6096702941035,19503,10688
"5",2010,13.6863364932292,0.205247074145784,66.6822489440603,17235,9302
"6",2011,14.0902004438712,0.217886174355133,64.6677123299508,18092,9301
"7",2012,14.625687292197,0.230271608439357,63.5149395590763,20677,9620
"8",2013,8.92988790102124,0.132863701453956,67.2108920894086,7491,3955
