"","annee","vaccins_frais_par_tete","vaccins_freq","vaccins_cout","vaccins_sum_claim","vaccins_nb_observation"
"1",2006,7.47071914647314,0.128735244203164,58.031653978791,13730,7988
"2",2007,8.41165328924288,0.149428864318664,56.2920244866789,16326,9193
"3",2008,9.27781343518265,0.152426839181683,60.8673215622093,18001,9768
"4",2009,9.05426135243126,0.157165651290978,57.6096702941035,19503,10688
"5",2010,9.26732326893858,0.138977365276221,66.6822489440603,17235,9302
"6",2011,9.37775129427276,0.145014427701186,64.6677123299508,18092,9301
"7",2012,10.1195765481285,0.159325925811771,63.5149395590763,20677,9620
"8",2013,4.08497125898987,0.0607784115341863,67.2108920894086,7491,3955
