"","annee","verres_frais_par_tete","verres_freq","verres_cout","verres_sum_claim","verres_nb_observation"
"1",2006,10.5574721898524,0.0628287468941915,168.035695628818,6701,4058
"2",2007,9.30401340609114,0.0618450076425309,150.440815851606,6757,3422
"3",2008,8.21150862446328,0.0511020601708765,160.688406631854,6035,1311
"4",2009,7.04332975347304,0.0466724147656307,150.909906608469,5792,3567
"5",2010,8.21870521524228,0.0521719497149492,157.531111260872,6470,3241
"6",2011,8.50348582582635,0.0544539377715082,156.159245296593,6794,2955
"7",2012,8.92245559994429,0.055239210670283,161.523951766825,7169,3324
"8",2013,3.46700928639375,0.0204543610547667,169.499759836585,2521,3512
